first_name, last_name, age, username, test, email, password, active_account
jkd, qjelegytgi, 93, kcj, 10, kcj@email.com, hrhoirar, 1
rcm, syagvdcido, 71, lqisc, 8, lqisc@email.com, vngymbaeps, 1
assaiwyxe, jpomtr, 72, eraty, 10, eraty@email.com, enbajng, 1
ixtp, rhcpngzcz, 70, vmbyolq, 8, vmbyolq@email.com, hbnttc, 1
ygoh, ofpzezz, 117, cgig, 8, cgig@email.com, mthfi, 1
lelbx, rmng, 49, qgetk, 8, qgetk@email.com, utctrk, 1
wttiqecwn, lxaf, 49, scc, 1, scc@email.com, fgpddoq, 1
nky, sbwkm, 67, qsvpgcyhbj, 10, qsvpgcyhbj@email.com, fhnealipy, 1
npjfibhqu, llgxpp, 32, gimfzbul, 1, gimfzbul@email.com, wolwvq, 1
hrhdubvts, tqchrg, 97, kirqiwqmk, 1, kirqiwqmk@email.com, qyxlv, 1
